E_MeV,U235_elastic,U235_inelastic,U235_capture,U235_fission,U238_elastic,U238_inelastic,U238_capture,U238_fission,H1_elastic,H1_inelastic,H1_capture,H1_fission,H2_elastic,H2_inelastic,H2_capture,H2_fission,O16_elastic,O16_inelastic,O16_capture,O16_fission
2.0e-09,14.924,0,351,2081,9.2999,0,9.5058,3.0582e-05,84.169,0,1.183,0,10.142,0,0.0017997,0,5.3319,0,0.00067577,0
4.0e-09,14.848,0,248.2,1472,9.2999,0,6.7238,3.1176e-05,61.008,0,0.83647,0,7.5139,0,0.0012726,0,4.6159,0,0.00047784,0
6.0e-09,14.803,0,202.7,1201,9.2999,0,5.4918,3.1528e-05,51.013,0,0.68298,0,6.4067,0,0.001039,0,4.3636,0,0.00039016,0
8.0e-09,14.772,0,175.5,1041,9.2999,0,4.7576,3.1781e-05,45.202,0,0.59148,0,5.777,0,0.00089984,0,4.236,0,0.00033788,0
1.0e-08,14.748,0,157,930.7,9.3,0,4.2567,3.1978e-05,41.332,0,0.52903,0,5.3661,0,0.00080484,0,4.1593,0,0.00030221,0
2.0e-08,14.673,0,111,658.1,9.3,0,3.015,3.2599e-05,32.284,0,0.37408,0,4.4469,0,0.00056911,0,4.0056,0,0.0002137,0
4.0e-08,14.598,0,78.5,465.3,9.3,0,2.139,3.3231e-05,26.756,0,0.26452,0,3.9315,0,0.00040242,0,3.9288,0,0.00015111,0
6.0e-08,14.555,0,64.09,379.9,9.3001,0,1.7523,3.3607e-05,24.712,0,0.21598,0,3.7534,0,0.00032858,0,3.9032,0,0.00012338,0
8.0e-08,14.524,0,55.51,329,9.3002,0,1.5227,3.3876e-05,23.656,0,0.18704,0,3.6638,0,0.00028455,0,3.8904,0,0.00010685,0
1.0e-07,14.5,0,49.65,294.3,9.3002,0,1.3665,3.4087e-05,23.014,0,0.16729,0,3.6101,0,0.00025451,0,3.8827,0,9.5568e-05,0
2.0e-07,13.9,0,35.1,208.1,9.3006,0,0.98296,3.4748e-05,21.723,0,0.1183,0,3.5025,0,0.00017997,0,3.8674,0,6.7577e-05,0
4.0e-07,13.324,0,24.82,147.2,9.3013,0,0.72016,3.5423e-05,21.077,0,0.083647,0,3.4488,0,0.00012726,0,3.8597,0,4.7784e-05,0
6.0e-07,12.999,0,20.27,120.1,9.302,0,0.61033,3.5823e-05,20.861,0,0.068298,0,3.4308,0,0.0001039,0,3.8571,0,3.9016e-05,0
8.0e-07,12.773,0,17.55,104.1,9.3028,0,0.54968,3.611e-05,20.753,0,0.059148,0,3.4219,0,8.9984e-05,0,3.8558,0,3.3788e-05,0
1.0e-06,12.6,0,15.7,93.07,9.3036,0,0.51237,3.6334e-05,20.689,0,0.052903,0,3.4165,0,8.0484e-05,0,3.8551,0,3.0221e-05,0
2.0e-06,12.322,0,24.278,65.81,9.3538,0,0.46293,3.7039e-05,20.559,0,0.037408,0,3.4058,0,5.6911e-05,0,3.8535,0,2.137e-05,0
4.0e-06,12.05,0,30.146,46.53,9.4942,0,0.75524,3.7758e-05,20.495,0,0.026452,0,3.4004,0,4.0242e-05,0,3.8528,0,1.5111e-05,0
6.0e-06,11.894,0,25.636,37.99,10.045,0,8.0521,3.8185e-05,20.473,0,0.021598,0,3.3986,0,3.2858e-05,0,3.8525,0,1.2338e-05,0
8.0e-06,11.784,0,22.204,32.9,9.758,0,1.9009,3.8491e-05,20.462,0,0.018704,0,3.3977,0,2.8455e-05,0,3.8524,0,1.0685e-05,0
1.0e-05,11.7,0,19.86,29.43,9.7184,0,0.40816,3.873e-05,20.456,0,0.016729,0,3.3972,0,2.5451e-05,0,3.8523,0,9.5568e-06,0
2.0e-05,11.639,0,14.04,20.81,14.333,0,10.301,3.9481e-05,20.443,0,0.01183,0,3.3961,0,1.7997e-05,0,3.8522,0,6.7577e-06,0
4.0e-05,11.579,0,9.928,14.72,11.789,0,1.2457,4.0248e-05,20.436,0,0.0083647,0,3.3955,0,1.2726e-05,0,3.8521,0,4.7784e-06,0
6.0e-05,11.544,0,8.108,12.01,10.206,0,0.20528,4.0703e-05,20.434,0,0.0068298,0,3.3954,0,1.039e-05,0,3.8521,0,3.9016e-06,0
8.0e-05,11.519,0,7.02,10.41,10.171,0,0.7727,4.1029e-05,20.433,0,0.0059148,0,3.3953,0,8.9984e-06,0,3.852,0,3.3788e-06,0
1.0e-04,11.5,0,6.28,9.307,14.874,0,1.6392,4.1284e-05,20.433,0,0.0052903,0,3.3952,0,8.0484e-06,0,3.852,0,3.0221e-06,0
2.0e-04,11.47,0,4.44,6.581,10.964,0,0.40183,4.2085e-05,20.391,0,0.0037408,0,3.395,0,5.6911e-06,0,3.8487,0,2.137e-06,0
4.0e-04,11.44,0,3.14,4.653,10.044,0,0.55354,4.2902e-05,20.352,0,0.0026452,0,3.395,0,4.0242e-06,0,3.8454,0,1.5111e-06,0
6.0e-04,11.422,0,2.5636,3.799,10.185,0,0.67212,4.3387e-05,20.329,0,0.0021598,0,3.395,0,3.2858e-06,0,3.8434,0,1.2338e-06,0
8.0e-04,11.41,0,2.2,3.449,15.125,0,6.3479,4.3734e-05,20.313,0,0.0018704,0,3.395,0,2.8455e-06,0,3.8421,0,1.0685e-06,0
1.0e-03,11.4,0,2.88,3.2,10.176,0,0.67027,4.4006e-05,20.3,0,0.00166,0,3.395,0,2.5e-06,0,3.841,0,9.6e-07,0
2.0e-03,11.37,0,2.8459,2.9,10.019,0,0.51601,4.486e-05,20.17,0,0.0011765,0,3.392,0,1.8974e-06,0,3.8377,0,6.764e-07,0
4.0e-03,11.34,0,1.6377,2.6,10.028,0,0.42465,4.573e-05,19.91,0,0.00083386,0,3.389,0,1.44e-06,0,3.8344,0,4.7659e-07,0
6.0e-03,11.322,0,1.0331,2.45,11.143,0,0.51843,4.6247e-05,19.66,0,0.00068177,0,3.3802,0,1.2254e-06,0,3.8324,0,3.8832e-07,0
8.0e-03,11.31,0,0.77693,2.35,10.248,0,0.36043,4.6618e-05,19.42,0,0.000591,0,3.374,0,1.0929e-06,0,3.8311,0,3.358e-07,0
1.0e-02,11.3,0,0.7,2.3,10.14,0,0.32356,4.6907e-05,19.18,0,0.000529,0,3.367,0,1e-06,0,3.83,0,3e-07,0
2.0e-02,10.85,0.004,0.58,2.05,13.3,0,0.522,4.7817e-05,18.1,0,0.00032485,0,3.342,0,1.2131e-06,0,3.808,0,3.596e-07,0
4.0e-02,10.4,0.0154,0.46,1.85,12.6,0,0.383,4.8746e-05,16.3,0,0.00019948,0,3.302,0,1.4717e-06,0,3.765,0,4.3105e-07,0
6.0e-02,10.1,0.099,0.4,1.75,11.95,0.1535,0.272,4.9297e-05,14.87,0,0.00014998,0,3.27,0,1.6478e-06,0,3.724,0,4.7925e-07,0
8.0e-02,9.95,0.1975,0.36,1.65,11.45,0.379,0.212,4.9692e-05,13.71,0,0.0001225,0,3.243,0,1.7854e-06,0,3.683,0,5.1668e-07,0
1.0e-01,9.82,0.3225,0.35,1.6,11.05,0.5415,0.18,5e-05,12.74,0,0.0001047,0,3.22,0,1.9e-06,0,3.644,0,5.4772e-07,0
2.0e-01,8.28,0.826,0.31,1.4,9.5,1.018,0.129,7.1e-05,9.645,0,6e-05,0,3.122,0,2.6723e-06,0,3.477,0,6.5654e-07,0
4.0e-01,6.25,1.353,0.17,1.19,7.6,1.429,0.1086,0.00033,6.879,0,3.87e-05,0,3.012,0,3.7586e-06,0,5,0,7.8698e-07,0
6.0e-01,5.06,1.614,0.14,1.12,6.45,1.708,0.1145,0.00105,5.569,0,3.645e-05,0,2.966,0,4.5886e-06,0,3.1,0,8.7498e-07,0
8.0e-01,4.32,1.709,0.12,1.11,5.37,2.08,0.1251,0.00426,4.785,0,3.4933e-05,0,2.922,0,5.2864e-06,0,2.75,0,9.4333e-07,0
1.0e+00,3.87,1.721,0.107,1.2,4.58,2.46,0.1251,0.0148,4.25,0,3.38e-05,0,2.873,0,5.9e-06,0,4.5,0,1e-06,0
2.0e+00,3.78,2.116,0.06,1.28,3.55,3.193,0.0505,0.54,2.908,0,3.69e-05,0,2.54,0,7.1169e-06,0,1.58,0,0.0001,0
4.0e+00,4.58,2.266,0.0115,1.13,4.4,2.877,0.00402,0.56,1.9,0,3.4422e-05,0,1.817,0.0135,8.5849e-06,0,2.04,0,0.03,0
6.0e+00,3.92,2.094,0.0032,1.2,3.92,2.552,0.00088,0.616,1.423,0,3.305e-05,0,1.4,0.0602,9.5802e-06,0,1.67,0,0.05,0
8.0e+00,3.16,1.327,0.0021,1.78,3.14,2.112,0.00092,1,1.133,0,3.2111e-05,0,1.117,0.1027,1.0356e-05,0,0.9,0.234,0.1,0
1.0e+01,2.7,1.369,0.002,1.76,2.7,2.098,0.00105,0.99,0.937,0,3.14e-05,0,0.916,0.134,1.1e-05,0,0.8,0.334,0.2,0
